{
    "name":"Queensland Floods",
    "size":{"kw_collection":1223,
            "geo_collection":null
    },
    "time":{
        "development":"Progressive",
        "duration":19,
        "year":2013,
        "month":"Jan.",
        "start_day":"2013-01-17"
    }, 
    "location":{
        "country":"Australia",
        "spread":"Diffused",
        "location_description":"Queensland",
        "country_internet_penetration": null
    }, 
    "categorization":{
        "category":"Natural", 
        "sub_category":"Hydrological", 
        "type":"Floods"
    }, 
    "external_url":"https://en.wikipedia.org/wiki/January_2013_Eastern_Australia_floods",
    "keywords":["#qldflood","#bigwet","queensland flood","australia flood","#qldfloods","queensland floods","australia floods","queensland flooding","qld flood","qld floods","qld flooding","australia flooding"]
}