Timestamp, Tweet-ID, Included(Y/N)
"Sun Dec 01 12:51:01 +0000 2013","407129710162759680",Y
"Sun Dec 01 13:14:20 +0000 2013","407135577977675777",Y
"Sun Dec 01 13:16:16 +0000 2013","407136064525316096",Y
"Sun Dec 01 13:17:22 +0000 2013","407136341332611072",Y
"Sun Dec 01 13:18:42 +0000 2013","407136676902084608",Y
"Sun Dec 01 13:18:59 +0000 2013","407136748192690176",Y
"Sun Dec 01 13:27:23 +0000 2013","407138862117691392",Y
"Sun Dec 01 13:27:42 +0000 2013","407138941825871872",Y
"Sun Dec 01 13:28:02 +0000 2013","407139025720713216",Y
"Sun Dec 01 13:28:36 +0000 2013","407139168306089984",Y
"Sun Dec 01 13:30:00 +0000 2013","407139520627605504",Y
"Sun Dec 01 13:30:55 +0000 2013","407139751326515200",Y
"Sun Dec 01 13:34:22 +0000 2013","407140619556229120",Y
"Sun Dec 01 13:35:07 +0000 2013","407140808299536384",Y
"Sun Dec 01 13:37:24 +0000 2013","407141382881824768",Y
"Sun Dec 01 13:38:25 +0000 2013","407141638751154176",Y
"Sun Dec 01 13:38:36 +0000 2013","407141684875505665",Y
"Sun Dec 01 13:40:21 +0000 2013","407142125290393600",Y
"Sun Dec 01 13:40:37 +0000 2013","407142192386289665",Y
"Sun Dec 01 13:44:27 +0000 2013","407143157084585985",Y
"Sun Dec 01 13:46:36 +0000 2013","407143698146000896",Y
"Sun Dec 01 13:47:43 +0000 2013","407143979176984576",Y
"Sun Dec 01 13:50:13 +0000 2013","407144608335155200",Y
"Sun Dec 01 13:50:17 +0000 2013","407144625090985985",Y
"Sun Dec 01 13:50:17 +0000 2013","407144625112354816",Y
"Sun Dec 01 13:51:46 +0000 2013","407144998376075264",Y
"Sun Dec 01 13:51:59 +0000 2013","407145052931387392",Y
"Sun Dec 01 13:58:31 +0000 2013","407146697089753089",Y
"Sun Dec 01 13:59:40 +0000 2013","407146986492928000",Y
"Sun Dec 01 13:59:42 +0000 2013","407146994868948992",Y
"Sun Dec 01 14:01:54 +0000 2013","407147548542263296",Y
"Sun Dec 01 14:03:39 +0000 2013","407147988935798785",Y
"Sun Dec 01 14:04:34 +0000 2013","407148219622514689",Y
"Sun Dec 01 14:04:44 +0000 2013","407148261578121216",Y
"Sun Dec 01 14:04:48 +0000 2013","407148278342770689",Y
"Sun Dec 01 14:05:29 +0000 2013","407148450305028098",Y
"Sun Dec 01 14:07:12 +0000 2013","407148882314149888",Y
"Sun Dec 01 14:09:58 +0000 2013","407149578572795904",Y
"Sun Dec 01 14:10:20 +0000 2013","407149670851284994",Y
"Sun Dec 01 14:10:59 +0000 2013","407149834433732608",Y
"Sun Dec 01 14:12:35 +0000 2013","407150237057175553",Y
"Sun Dec 01 14:17:37 +0000 2013","407151503753760768",Y
"Sun Dec 01 14:18:23 +0000 2013","407151696704708608",Y
"Sun Dec 01 14:20:05 +0000 2013","407152124519526400",Y
"Sun Dec 01 14:20:08 +0000 2013","407152137081073664",Y
"Sun Dec 01 14:20:11 +0000 2013","407152149664374784",Y
"Sun Dec 01 14:20:20 +0000 2013","407152187416903681",Y
"Sun Dec 01 14:20:29 +0000 2013","407152225170247680",Y
"Sun Dec 01 14:20:33 +0000 2013","407152241934860288",Y
"Sun Dec 01 14:20:59 +0000 2013","407152351020343296",Y
"Sun Dec 01 14:21:02 +0000 2013","407152363569295360",Y
"Sun Dec 01 14:22:05 +0000 2013","407152627835629568",Y
"Sun Dec 01 14:22:15 +0000 2013","407152669791248384",Y
"Sun Dec 01 14:23:08 +0000 2013","407152892060385280",Y
"Sun Dec 01 14:23:09 +0000 2013","407152896262692864",Y
"Sun Dec 01 14:23:23 +0000 2013","407152955000127489",Y
"Sun Dec 01 14:23:47 +0000 2013","407153055642423296",Y
"Sun Dec 01 14:24:11 +0000 2013","407153156297342976",Y
"Sun Dec 01 14:24:16 +0000 2013","407153177268858880",Y
"Sun Dec 01 14:24:17 +0000 2013","407153181462777857",Y
"Sun Dec 01 14:25:52 +0000 2013","407153579942612993",Y
"Sun Dec 01 14:26:57 +0000 2013","407153852559802369",Y
"Sun Dec 01 14:27:57 +0000 2013","407154104205451265",Y
"Sun Dec 01 14:28:11 +0000 2013","407154162963869696",Y
"Sun Dec 01 14:29:11 +0000 2013","407154414613319680",Y
"Sun Dec 01 14:30:00 +0000 2013","407154620125831169",Y
"Sun Dec 01 14:31:15 +0000 2013","407154934694834176",Y
"Sun Dec 01 14:31:23 +0000 2013","407154968257658880",Y
"Sun Dec 01 14:31:29 +0000 2013","407154993435660290",Y
"Sun Dec 01 14:31:38 +0000 2013","407155031180189697",Y
"Sun Dec 01 14:32:28 +0000 2013","407155240882806784",Y
"Sun Dec 01 14:33:02 +0000 2013","407155383480762368",Y
"Sun Dec 01 14:33:57 +0000 2013","407155614155304960",Y
"Sun Dec 01 14:35:30 +0000 2013","407156004263321600",Y
"Sun Dec 01 14:36:23 +0000 2013","407156226536255488",Y
"Sun Dec 01 14:37:39 +0000 2013","407156545323950081",Y
"Sun Dec 01 14:37:58 +0000 2013","407156624995151872",Y
"Sun Dec 01 14:39:55 +0000 2013","407157115732500480",Y
"Sun Dec 01 14:40:20 +0000 2013","407157220577927168",Y
"Sun Dec 01 14:40:24 +0000 2013","407157237371895808",Y
"Sun Dec 01 14:43:00 +0000 2013","407157891699732480",Y
"Sun Dec 01 14:45:22 +0000 2013","407158487257317376",Y
"Sun Dec 01 14:46:06 +0000 2013","407158671819284480",Y
"Sun Dec 01 14:46:43 +0000 2013","407158827004354560",Y
"Sun Dec 01 14:48:08 +0000 2013","407159183545741312",Y
"Sun Dec 01 14:48:47 +0000 2013","407159347098025984",Y
"Sun Dec 01 14:50:02 +0000 2013","407159661696020480",Y
"Sun Dec 01 14:51:09 +0000 2013","407159942689206272",Y
"Sun Dec 01 14:51:31 +0000 2013","407160034972688384",Y
"Sun Dec 01 14:51:40 +0000 2013","407160072729821184",Y
"Sun Dec 01 14:51:51 +0000 2013","407160118854574080",Y
"Sun Dec 01 14:51:59 +0000 2013","407160152421597184",Y
"Sun Dec 01 14:52:57 +0000 2013","407160395682414592",Y
"Sun Dec 01 14:53:12 +0000 2013","407160458601185281",Y
"Sun Dec 01 14:53:26 +0000 2013","407160517329821696",Y
"Sun Dec 01 14:53:43 +0000 2013","407160588607827969",Y
"Sun Dec 01 14:54:18 +0000 2013","407160735404265473",Y
"Sun Dec 01 14:54:33 +0000 2013","407160798323040256",Y
"Sun Dec 01 14:55:02 +0000 2013","407160919958233088",Y
"Sun Dec 01 14:55:33 +0000 2013","407161049998458880",Y
"Sun Dec 01 14:55:35 +0000 2013","407161058395439104",Y
"Sun Dec 01 14:55:41 +0000 2013","407161083561254912",Y
"Sun Dec 01 14:56:10 +0000 2013","407161205170503680",Y
"Sun Dec 01 14:56:28 +0000 2013","407161280672178176",Y
"Sun Dec 01 14:57:20 +0000 2013","407161498771800065",Y
"Sun Dec 01 14:58:34 +0000 2013","407161809179639808",Y
"Sun Dec 01 14:58:40 +0000 2013","407161834320715776",Y
"Sun Dec 01 14:58:55 +0000 2013","407161897260425216",Y
"Sun Dec 01 14:59:37 +0000 2013","407162073383043073",Y
"Sun Dec 01 15:00:32 +0000 2013","407162304091156480",Y
"Sun Dec 01 15:00:52 +0000 2013","407162387994005504",Y
"Sun Dec 01 15:01:17 +0000 2013","407162492826034176",Y
"Sun Dec 01 15:02:45 +0000 2013","407162861941960704",Y
"Sun Dec 01 15:02:51 +0000 2013","407162887091011584",Y
"Sun Dec 01 15:03:03 +0000 2013","407162937426845696",Y
"Sun Dec 01 15:03:41 +0000 2013","407163096818778112",Y
"Sun Dec 01 15:03:59 +0000 2013","407163172328845312",Y
"Sun Dec 01 15:04:51 +0000 2013","407163390415478785",Y
"Sun Dec 01 15:04:59 +0000 2013","407163423978708992",Y
"Sun Dec 01 15:05:27 +0000 2013","407163541393641474",Y
"Sun Dec 01 15:06:36 +0000 2013","407163830809018368",Y
"Sun Dec 01 15:07:38 +0000 2013","407164090881019904",Y
"Sun Dec 01 15:08:51 +0000 2013","407164397044641792",Y
"Sun Dec 01 15:09:41 +0000 2013","407164606780813312",Y
"Sun Dec 01 15:10:04 +0000 2013","407164703241437184",Y
"Sun Dec 01 15:10:30 +0000 2013","407164812276555777",Y
"Sun Dec 01 15:11:00 +0000 2013","407164938114048001",Y
"Sun Dec 01 15:12:43 +0000 2013","407165370139963392",Y
"Sun Dec 01 15:12:51 +0000 2013","407165403689795584",Y
"Sun Dec 01 15:13:05 +0000 2013","407165462385262592",Y
"Sun Dec 01 15:13:14 +0000 2013","407165500138201088",Y
"Sun Dec 01 15:13:43 +0000 2013","407165621802381314",Y
"Sun Dec 01 15:15:48 +0000 2013","407166146061041664",Y
"Sun Dec 01 15:16:30 +0000 2013","407166322246578179",Y
"Sun Dec 01 15:16:53 +0000 2013","407166418715967489",Y
"Sun Dec 01 15:17:12 +0000 2013","407166498399326208",Y
"Sun Dec 01 15:17:32 +0000 2013","407166582293798912",Y
"Sun Dec 01 15:17:34 +0000 2013","407166590669815808",Y
"Sun Dec 01 15:17:42 +0000 2013","407166624223875072",Y
"Sun Dec 01 15:17:59 +0000 2013","407166695527047168",Y
"Sun Dec 01 15:18:26 +0000 2013","407166808790425600",Y
"Sun Dec 01 15:18:34 +0000 2013","407166842319298561",Y
"Sun Dec 01 15:19:10 +0000 2013","407166993314639872",Y
"Sun Dec 01 15:19:31 +0000 2013","407167081407578112",Y
"Sun Dec 01 15:19:38 +0000 2013","407167110763139072",Y
"Sun Dec 01 15:19:47 +0000 2013","407167148503875584",Y
"Sun Dec 01 15:20:32 +0000 2013","407167337239158784",Y
"Sun Dec 01 15:21:05 +0000 2013","407167475676352513",Y
"Sun Dec 01 15:21:07 +0000 2013","407167484052389888",Y
"Sun Dec 01 15:21:26 +0000 2013","407167563731599360",Y
"Sun Dec 01 15:21:47 +0000 2013","407167651845517314",Y
"Sun Dec 01 15:22:30 +0000 2013","407167832188010496",Y
"Sun Dec 01 15:23:19 +0000 2013","407168037691740160",Y
"Sun Dec 01 15:24:13 +0000 2013","407168264188329984",Y
"Sun Dec 01 15:25:05 +0000 2013","407168482292547584",Y
"Sun Dec 01 15:25:05 +0000 2013","407168482313510912",Y
"Sun Dec 01 15:25:31 +0000 2013","407168591361232896",Y
"Sun Dec 01 15:28:02 +0000 2013","407169224675971072",Y
"Sun Dec 01 15:28:43 +0000 2013","407169396663390209",Y
"Sun Dec 01 15:30:05 +0000 2013","407169740571181056",Y
"Sun Dec 01 15:30:30 +0000 2013","407169845462310912",Y
"Sun Dec 01 15:30:53 +0000 2013","407169941922906112",Y
"Sun Dec 01 15:31:38 +0000 2013","407170130649808897",Y
"Sun Dec 01 15:31:54 +0000 2013","407170197762494464",Y
"Sun Dec 01 15:32:26 +0000 2013","407170331980607488",Y
"Sun Dec 01 15:33:11 +0000 2013","407170520728489984",Y
"Sun Dec 01 15:33:25 +0000 2013","407170579461337089",Y
"Sun Dec 01 15:33:38 +0000 2013","407170633974288384",Y
"Sun Dec 01 15:33:56 +0000 2013","407170709475975168",Y
"Sun Dec 01 15:35:42 +0000 2013","407171154064211968",Y
"Sun Dec 01 15:36:35 +0000 2013","407171376353509376",Y
"Sun Dec 01 15:37:02 +0000 2013","407171489625288705",Y
"Sun Dec 01 15:37:46 +0000 2013","407171674170470400",Y
"Sun Dec 01 15:38:08 +0000 2013","407171766445162496",Y
"Sun Dec 01 15:38:32 +0000 2013","407171867083284480",Y
"Sun Dec 01 15:39:14 +0000 2013","407172043243651072",Y
"Sun Dec 01 15:39:21 +0000 2013","407172072604176384",Y
"Sun Dec 01 15:39:41 +0000 2013","407172156528033792",Y
"Sun Dec 01 15:41:47 +0000 2013","407172685001928704",Y
"Sun Dec 01 15:42:21 +0000 2013","407172827595300865",Y
"Sun Dec 01 15:44:55 +0000 2013","407173473526886400",Y
"Sun Dec 01 15:45:49 +0000 2013","407173700006711297",Y
"Sun Dec 01 15:47:06 +0000 2013","407174022955532289",Y
"Sun Dec 01 15:48:24 +0000 2013","407174350123839488",Y
"Sun Dec 01 15:49:10 +0000 2013","407174543061823488",Y
"Sun Dec 01 15:50:09 +0000 2013","407174790521184257",Y
"Sun Dec 01 15:52:05 +0000 2013","407175277073010689",Y
"Sun Dec 01 15:52:43 +0000 2013","407175436464971776",Y
"Sun Dec 01 15:53:51 +0000 2013","407175721652871168",Y
"Sun Dec 01 15:53:56 +0000 2013","407175742653730817",Y
"Sun Dec 01 15:53:59 +0000 2013","407175755219484672",Y
"Sun Dec 01 15:54:48 +0000 2013","407175960736591872",Y
"Sun Dec 01 15:55:15 +0000 2013","407176073999155200",Y
"Sun Dec 01 15:55:16 +0000 2013","407176078189281280",Y
"Sun Dec 01 15:55:25 +0000 2013","407176115917033472",Y
"Sun Dec 01 15:56:28 +0000 2013","407176380175384576",Y
"Sun Dec 01 15:56:56 +0000 2013","407176497632661505",Y
"Sun Dec 01 15:57:37 +0000 2013","407176669569363968",Y
"Sun Dec 01 16:00:45 +0000 2013","407177458124083200",Y
"Sun Dec 01 16:01:35 +0000 2013","407177667809513473",Y
"Sun Dec 01 16:01:53 +0000 2013","407177743336357888",Y
"Sun Dec 01 16:01:53 +0000 2013","407177743319576577",Y
"Sun Dec 01 16:03:05 +0000 2013","407178045296881665",Y
"Sun Dec 01 16:05:17 +0000 2013","407178598945021952",Y
"Sun Dec 01 16:06:44 +0000 2013","407178963875028992",Y
"Sun Dec 01 16:07:52 +0000 2013","407179249057943552",Y
"Sun Dec 01 16:08:31 +0000 2013","407179412673531905",Y
"Sun Dec 01 16:09:19 +0000 2013","407179613970784256",Y
"Sun Dec 01 16:09:37 +0000 2013","407179689476628480",Y
"Sun Dec 01 16:09:41 +0000 2013","407179706249654272",Y
"Sun Dec 01 16:09:43 +0000 2013","407179714634067968",Y
"Sun Dec 01 16:12:47 +0000 2013","407180486402777089",Y
"Sun Dec 01 16:13:40 +0000 2013","407180708688326657",Y
"Sun Dec 01 16:15:22 +0000 2013","407181136528302080",Y
"Sun Dec 01 16:15:49 +0000 2013","407181249766117376",Y
"Sun Dec 01 16:19:14 +0000 2013","407182109603033088",Y
"Sun Dec 01 16:22:43 +0000 2013","407182986183200769",Y
"Sun Dec 01 16:26:11 +0000 2013","407183858623598592",Y
"Sun Dec 01 16:26:33 +0000 2013","407183950893694976",Y
"Sun Dec 01 16:27:33 +0000 2013","407184202569101312",Y
"Sun Dec 01 16:29:22 +0000 2013","407184659727265793",Y
"Sun Dec 01 16:29:35 +0000 2013","407184714252840960",Y
"Sun Dec 01 16:31:08 +0000 2013","407185104335695872",Y
"Sun Dec 01 16:32:32 +0000 2013","407185456665595905",Y
"Sun Dec 01 16:33:51 +0000 2013","407185788011839489",Y
"Sun Dec 01 16:34:14 +0000 2013","407185884476604416",Y
"Sun Dec 01 16:34:15 +0000 2013","407185888670531584",Y
"Sun Dec 01 16:35:04 +0000 2013","407186094199799808",Y
"Sun Dec 01 16:38:44 +0000 2013","407187016925736960",Y
"Sun Dec 01 16:41:17 +0000 2013","407187658667225089",Y
"Sun Dec 01 16:41:31 +0000 2013","407187717361917952",Y
"Sun Dec 01 16:43:01 +0000 2013","407188094866059265",Y
"Sun Dec 01 16:43:09 +0000 2013","407188128416673792",Y
"Sun Dec 01 16:43:09 +0000 2013","407188128437665793",Y
"Sun Dec 01 16:43:58 +0000 2013","407188333920813056",Y
"Sun Dec 01 16:44:43 +0000 2013","407188522689646592",Y
"Sun Dec 01 16:44:55 +0000 2013","407188573012918272",Y
"Sun Dec 01 16:45:52 +0000 2013","407188812079845376",Y
"Sun Dec 01 16:46:50 +0000 2013","407189055365857280",Y
"Sun Dec 01 16:49:06 +0000 2013","407189625774804992",Y
"Sun Dec 01 16:49:37 +0000 2013","407189755798237184",Y
"Sun Dec 01 16:50:53 +0000 2013","407190074573746176",Y
"Sun Dec 01 16:51:39 +0000 2013","407190267515928577",Y
"Sun Dec 01 16:52:34 +0000 2013","407190498206420992",Y
"Sun Dec 01 16:54:36 +0000 2013","407191009920294912",Y
"Sun Dec 01 16:56:03 +0000 2013","407191374794993664",Y
"Sun Dec 01 16:57:18 +0000 2013","407191689388761088",Y
"Sun Dec 01 16:58:09 +0000 2013","407191903273111553",Y
"Sun Dec 01 17:00:14 +0000 2013","407192427561496576",Y
"Sun Dec 01 17:00:16 +0000 2013","407192435949707264",Y
"Sun Dec 01 17:01:10 +0000 2013","407192662455107584",Y
"Sun Dec 01 17:01:49 +0000 2013","407192826049728513",Y
"Sun Dec 01 17:02:47 +0000 2013","407193069306404864",Y
"Sun Dec 01 17:07:13 +0000 2013","407194184995467264",Y
"Sun Dec 01 17:07:31 +0000 2013","407194260501315586",Y
"Sun Dec 01 17:08:02 +0000 2013","407194390499979264",Y
"Sun Dec 01 17:08:15 +0000 2013","407194445042708480",Y
"Sun Dec 01 17:08:24 +0000 2013","407194482783043584",Y
"Sun Dec 01 17:11:07 +0000 2013","407195166471372801",Y
"Sun Dec 01 17:11:31 +0000 2013","407195267113701376",Y
"Sun Dec 01 17:12:45 +0000 2013","407195577496371201",Y
"Sun Dec 01 17:16:17 +0000 2013","407196466693017601",Y
"Sun Dec 01 17:21:10 +0000 2013","407197695611502592",Y
"Sun Dec 01 17:23:39 +0000 2013","407198320562429952",Y
"Sun Dec 01 17:25:19 +0000 2013","407198740001214464",Y
"Sun Dec 01 17:25:32 +0000 2013","407198794540138497",Y
"Sun Dec 01 17:25:52 +0000 2013","407198878438809600",Y
"Sun Dec 01 17:27:40 +0000 2013","407199331390074880",Y
"Sun Dec 01 17:28:15 +0000 2013","407199478224265217",Y
"Sun Dec 01 17:28:17 +0000 2013","407199486604476416",Y
"Sun Dec 01 17:28:44 +0000 2013","407199599825149952",Y
"Sun Dec 01 17:36:47 +0000 2013","407201625703735296",Y
"Sun Dec 01 17:38:01 +0000 2013","407201936081817600",Y
"Sun Dec 01 17:40:39 +0000 2013","407202598782259200",Y
"Sun Dec 01 17:42:53 +0000 2013","407203160814784512",Y
"Sun Dec 01 17:43:29 +0000 2013","407203311800963073",Y
"Sun Dec 01 17:43:56 +0000 2013","407203425026207744",Y
"Sun Dec 01 17:44:18 +0000 2013","407203517338632192",Y
"Sun Dec 01 17:44:25 +0000 2013","407203546694942720",Y
"Sun Dec 01 17:46:44 +0000 2013","407204129694437376",Y
"Sun Dec 01 17:47:01 +0000 2013","407204201010180096",Y
"Sun Dec 01 17:47:04 +0000 2013","407204213580890112",Y
"Sun Dec 01 17:47:12 +0000 2013","407204247109771265",Y
"Sun Dec 01 17:47:28 +0000 2013","407204314256379904",Y
"Sun Dec 01 17:48:10 +0000 2013","407204490388205568",Y
"Sun Dec 01 17:48:49 +0000 2013","407204653974429697",Y
"Sun Dec 01 17:53:08 +0000 2013","407205740294991872",Y
"Sun Dec 01 17:53:23 +0000 2013","407205803200757760",Y
"Sun Dec 01 17:54:20 +0000 2013","407206042310017025",Y
"Sun Dec 01 17:55:39 +0000 2013","407206373643284480",Y
"Sun Dec 01 17:57:43 +0000 2013","407206893720203264",Y
"Sun Dec 01 17:59:33 +0000 2013","407207355093614593",Y
"Sun Dec 01 18:00:51 +0000 2013","407207682274107394",Y
"Sun Dec 01 18:03:10 +0000 2013","407208265253412864",Y
"Sun Dec 01 18:03:23 +0000 2013","407208319791935488",Y
"Sun Dec 01 18:05:26 +0000 2013","407208835678765056",Y
"Sun Dec 01 18:08:27 +0000 2013","407209594847784960",Y
"Sun Dec 01 18:10:18 +0000 2013","407210060436475904",Y
"Sun Dec 01 18:10:41 +0000 2013","407210156909268992",Y
"Sun Dec 01 18:11:26 +0000 2013","407210345665552385",Y
"Sun Dec 01 18:15:31 +0000 2013","407211373249433602",Y
"Sun Dec 01 18:18:17 +0000 2013","407212069495529472",Y
"Sun Dec 01 18:19:12 +0000 2013","407212300190220288",Y
"Sun Dec 01 18:23:34 +0000 2013","407213399110471680",Y
"Sun Dec 01 18:25:23 +0000 2013","407213856260243457",Y
"Sun Dec 01 18:25:42 +0000 2013","407213935968796673",Y
"Sun Dec 01 18:26:33 +0000 2013","407214149878284289",Y
"Sun Dec 01 18:30:18 +0000 2013","407215093584101376",Y
"Sun Dec 01 18:30:24 +0000 2013","407215118758723584",Y
"Sun Dec 01 18:32:38 +0000 2013","407215680820637697",Y
"Sun Dec 01 18:34:15 +0000 2013","407216087667732480",Y
"Sun Dec 01 18:34:59 +0000 2013","407216272196505600",Y
"Sun Dec 01 18:36:35 +0000 2013","407216674837123073",Y
"Sun Dec 01 18:39:47 +0000 2013","407217480143499264",Y
"Sun Dec 01 18:43:24 +0000 2013","407218390324248576",Y
"Sun Dec 01 18:47:42 +0000 2013","407219472466862080",Y
"Sun Dec 01 18:49:08 +0000 2013","407219833156403200",Y
"Sun Dec 01 18:51:41 +0000 2013","407220474901323776",Y
"Sun Dec 01 18:53:55 +0000 2013","407221036917469184",Y
"Sun Dec 01 19:01:10 +0000 2013","407222861439311872",Y
"Sun Dec 01 19:04:15 +0000 2013","407223637402324992",Y
"Sun Dec 01 19:17:32 +0000 2013","407226980250038272",Y
"Sun Dec 01 19:19:03 +0000 2013","407227361953071104",Y
"Sun Dec 01 19:23:53 +0000 2013","407228578271490048",Y
"Sun Dec 01 19:24:02 +0000 2013","407228616028991488",Y
"Sun Dec 01 19:26:00 +0000 2013","407229110952271872",Y
"Sun Dec 01 19:29:13 +0000 2013","407229920465547265",Y
"Sun Dec 01 19:30:59 +0000 2013","407230365078532096",Y
"Sun Dec 01 19:37:07 +0000 2013","407231908553433088",Y
"Sun Dec 01 19:42:50 +0000 2013","407233347203497984",Y
"Sun Dec 01 19:43:54 +0000 2013","407233615664140288",Y
"Sun Dec 01 19:44:12 +0000 2013","407233691145216000",Y
"Sun Dec 01 19:48:11 +0000 2013","407234693591879682",Y
"Sun Dec 01 19:59:06 +0000 2013","407237440853012480",Y
"Sun Dec 01 20:00:44 +0000 2013","407237851878006784",Y
"Sun Dec 01 20:00:57 +0000 2013","407237906416537600",Y
"Sun Dec 01 20:10:58 +0000 2013","407240427184852993",Y
"Sun Dec 01 20:13:25 +0000 2013","407241043747553280",Y
"Sun Dec 01 20:14:42 +0000 2013","407241366721540096",Y
"Sun Dec 01 20:17:48 +0000 2013","407242146874667008",Y
"Sun Dec 01 20:48:47 +0000 2013","407249944069017600",Y
"Sun Dec 01 20:48:48 +0000 2013","407249948284305409",Y
"Sun Dec 01 20:52:25 +0000 2013","407250858444091393",Y
"Sun Dec 01 20:52:42 +0000 2013","407250929751056385",Y
"Sun Dec 01 20:59:53 +0000 2013","407252737479290880",Y
"Sun Dec 01 21:06:12 +0000 2013","407254327120506880",Y
"Sun Dec 01 21:09:26 +0000 2013","407255140820070401",Y
"Sun Dec 01 21:14:49 +0000 2013","407256495584051200",Y
"Sun Dec 01 21:25:33 +0000 2013","407259196690661377",Y
"Sun Dec 01 21:31:10 +0000 2013","407260610179911680",Y
"Sun Dec 01 21:40:44 +0000 2013","407263017706213377",Y
"Sun Dec 01 21:43:40 +0000 2013","407263755924303872",Y
"Sun Dec 01 21:45:07 +0000 2013","407264120824946689",Y
"Sun Dec 01 21:46:20 +0000 2013","407264426983563264",Y
"Sun Dec 01 21:47:05 +0000 2013","407264615760809984",Y
"Sun Dec 01 21:51:43 +0000 2013","407265781769334785",Y
"Sun Dec 01 21:53:03 +0000 2013","407266117317447680",Y
"Sun Dec 01 22:03:31 +0000 2013","407268751348756482",Y
"Sun Dec 01 22:09:17 +0000 2013","407270202577924096",Y
"Sun Dec 01 22:17:56 +0000 2013","407272379409104896",Y
"Sun Dec 01 22:28:13 +0000 2013","407274967298879488",Y
"Sun Dec 01 22:30:35 +0000 2013","407275562898423808",Y
"Sun Dec 01 22:31:13 +0000 2013","407275722281975808",Y
"Sun Dec 01 22:36:03 +0000 2013","407276938604994560",Y
"Sun Dec 01 22:44:33 +0000 2013","407279077696212992",Y
"Sun Dec 01 22:47:00 +0000 2013","407279694250131456",Y
"Sun Dec 01 22:50:57 +0000 2013","407280688325341184",Y
"Sun Dec 01 22:52:27 +0000 2013","407281065825271808",Y
"Sun Dec 01 22:58:49 +0000 2013","407282668045221888",Y
"Sun Dec 01 23:22:31 +0000 2013","407288632337121280",Y
"Sun Dec 01 23:23:12 +0000 2013","407288804299771904",Y
"Sun Dec 01 23:28:40 +0000 2013","407290180018507776",Y
"Sun Dec 01 23:29:51 +0000 2013","407290477814493184",Y
"Sun Dec 01 23:35:32 +0000 2013","407291908088541184",Y
"Sun Dec 01 23:35:56 +0000 2013","407292008726679552",Y
"Sun Dec 01 23:39:04 +0000 2013","407292797264207872",Y
"Sun Dec 01 23:46:03 +0000 2013","407294554686377984",Y
"Sun Dec 01 23:51:15 +0000 2013","407295863300841472",Y
"Sun Dec 01 23:54:52 +0000 2013","407296773489582080",Y
"Mon Dec 02 00:04:23 +0000 2013","407299168420372480",Y
"Mon Dec 02 00:06:51 +0000 2013","407299789190352896",Y
"Mon Dec 02 00:07:31 +0000 2013","407299956957908992",Y
"Mon Dec 02 00:13:41 +0000 2013","407301508846600192",Y
"Mon Dec 02 00:13:47 +0000 2013","407301533995642880",Y
"Mon Dec 02 00:13:52 +0000 2013","407301554988150784",Y
"Mon Dec 02 00:15:55 +0000 2013","407302070887542784",Y
"Mon Dec 02 00:19:53 +0000 2013","407303069144453120",Y
"Mon Dec 02 00:21:20 +0000 2013","407303434019160064",Y
"Mon Dec 02 00:21:59 +0000 2013","407303597609582592",Y
"Mon Dec 02 00:26:07 +0000 2013","407304637796990976",Y
"Mon Dec 02 00:26:28 +0000 2013","407304725894148097",Y
"Mon Dec 02 00:26:29 +0000 2013","407304730059091968",Y
"Mon Dec 02 00:26:35 +0000 2013","407304755250098177",Y
"Mon Dec 02 00:28:47 +0000 2013","407305308902797312",Y
"Mon Dec 02 00:30:16 +0000 2013","407305682191257600",Y
"Mon Dec 02 00:30:22 +0000 2013","407305707349106688",Y
"Mon Dec 02 00:36:30 +0000 2013","407307250835804162",Y
"Mon Dec 02 00:43:10 +0000 2013","407308928582557696",Y
"Mon Dec 02 00:54:36 +0000 2013","407311805845741568",Y
"Mon Dec 02 01:02:59 +0000 2013","407313915589455872",Y
"Mon Dec 02 01:09:04 +0000 2013","407315446497804288",Y
"Mon Dec 02 01:24:44 +0000 2013","407319389147394048",Y
"Mon Dec 02 01:36:11 +0000 2013","407322270655209472",Y
"Mon Dec 02 01:36:54 +0000 2013","407322450985119744",Y
"Mon Dec 02 01:38:19 +0000 2013","407322807534510080",Y
"Mon Dec 02 01:38:27 +0000 2013","407322841093120000",Y
"Mon Dec 02 01:39:01 +0000 2013","407322983699451904",Y
"Mon Dec 02 01:40:49 +0000 2013","407323436663701505",Y
"Mon Dec 02 01:45:44 +0000 2013","407324673995583488",Y
"Mon Dec 02 01:58:45 +0000 2013","407327949730226176",Y
"Mon Dec 02 02:02:22 +0000 2013","407328859906793472",Y
"Mon Dec 02 02:03:28 +0000 2013","407329136735027200",Y
"Mon Dec 02 02:05:50 +0000 2013","407329732334596097",Y
"Mon Dec 02 02:33:29 +0000 2013","407336690672738304",Y
"Mon Dec 02 02:54:25 +0000 2013","407341958701793280",Y
"Mon Dec 02 03:00:15 +0000 2013","407343426737168384",Y
"Mon Dec 02 03:24:01 +0000 2013","407349407776903168",Y
"Mon Dec 02 03:24:05 +0000 2013","407349424579309569",Y
"Mon Dec 02 03:33:40 +0000 2013","407351836308283392",Y
"Mon Dec 02 03:38:20 +0000 2013","407353010721783808",Y
"Mon Dec 02 03:46:06 +0000 2013","407354965250699264",Y
"Mon Dec 02 03:56:42 +0000 2013","407357632836411392",Y
"Mon Dec 02 04:04:08 +0000 2013","407359503470841856",Y
"Mon Dec 02 04:16:32 +0000 2013","407362624033398784",Y
"Mon Dec 02 04:18:30 +0000 2013","407363118965088256",Y
"Mon Dec 02 04:22:05 +0000 2013","407364020736249856",Y
"Mon Dec 02 04:26:03 +0000 2013","407365019001954304",Y
"Mon Dec 02 04:27:12 +0000 2013","407365308404346881",Y
"Mon Dec 02 04:44:21 +0000 2013","407369624359956480",Y
"Mon Dec 02 04:48:57 +0000 2013","407370781979471872",Y
"Mon Dec 02 04:49:57 +0000 2013","407371033646473216",Y
"Mon Dec 02 04:51:06 +0000 2013","407371323048861696",Y
"Mon Dec 02 05:03:58 +0000 2013","407374561030995968",Y
"Mon Dec 02 05:14:38 +0000 2013","407377245393915904",Y
"Mon Dec 02 05:19:39 +0000 2013","407378507883220992",Y
"Mon Dec 02 05:27:38 +0000 2013","407380516959051776",Y
"Mon Dec 02 05:30:41 +0000 2013","407381284491907072",Y
"Mon Dec 02 05:35:15 +0000 2013","407382433743785984",Y
"Mon Dec 02 05:56:22 +0000 2013","407387747939549184",Y
"Mon Dec 02 06:04:39 +0000 2013","407389832479272960",Y
"Mon Dec 02 06:27:42 +0000 2013","407395633201299456",Y
"Mon Dec 02 06:33:00 +0000 2013","407396967002542080",Y
"Mon Dec 02 07:08:18 +0000 2013","407405850525831169",Y
"Mon Dec 02 07:48:49 +0000 2013","407416046908231680",Y
"Mon Dec 02 08:07:32 +0000 2013","407420757115822082",Y
"Mon Dec 02 08:19:26 +0000 2013","407423751836676097",Y
"Mon Dec 02 08:37:49 +0000 2013","407428378132639744",Y
"Mon Dec 02 08:54:21 +0000 2013","407432538894778368",Y
"Mon Dec 02 08:57:00 +0000 2013","407433205810089984",Y
"Mon Dec 02 09:28:00 +0000 2013","407441007202951168",Y
"Mon Dec 02 09:41:58 +0000 2013","407444522038489088",Y
"Mon Dec 02 10:31:56 +0000 2013","407457096540516352",Y
"Mon Dec 02 10:46:06 +0000 2013","407460661694701568",Y
"Mon Dec 02 10:48:08 +0000 2013","407461173395595264",Y
"Mon Dec 02 10:52:39 +0000 2013","407462310085951488",Y
"Mon Dec 02 10:53:30 +0000 2013","407462523961479168",Y
"Mon Dec 02 11:13:00 +0000 2013","407467431309754370",Y
"Mon Dec 02 11:16:04 +0000 2013","407468203082645504",Y
"Mon Dec 02 11:16:12 +0000 2013","407468236616122368",Y
"Mon Dec 02 11:24:22 +0000 2013","407470291841851392",Y
"Mon Dec 02 11:30:41 +0000 2013","407471881454104576",Y
"Mon Dec 02 11:48:09 +0000 2013","407476277096902657",Y
"Mon Dec 02 11:48:12 +0000 2013","407476289692377088",Y
"Mon Dec 02 11:48:36 +0000 2013","407476390330527744",Y
"Mon Dec 02 12:04:09 +0000 2013","407480303653888001",Y
"Mon Dec 02 12:12:59 +0000 2013","407482526627037184",Y
"Mon Dec 02 12:57:57 +0000 2013","407493842842025985",Y
"Mon Dec 02 12:57:58 +0000 2013","407493847040552960",Y
"Mon Dec 02 13:09:18 +0000 2013","407496699163463680",Y
"Mon Dec 02 13:14:07 +0000 2013","407497911312740352",Y
"Mon Dec 02 13:20:07 +0000 2013","407499421262557184",Y
"Mon Dec 02 13:59:57 +0000 2013","407509445678477312",Y
"Mon Dec 02 14:15:43 +0000 2013","407513413464506368",Y
"Mon Dec 02 14:33:05 +0000 2013","407517783920893952",Y
"Mon Dec 02 15:10:09 +0000 2013","407527112082718720",Y
"Mon Dec 02 15:19:39 +0000 2013","407529502840197120",Y
"Mon Dec 02 15:21:49 +0000 2013","407530048082554880",Y
"Mon Dec 02 15:34:11 +0000 2013","407533160248139777",Y
"Mon Dec 02 15:35:42 +0000 2013","407533541929390081",Y
"Mon Dec 02 15:50:52 +0000 2013","407537358733840384",Y
"Mon Dec 02 16:05:16 +0000 2013","407540982620512257",Y
"Mon Dec 02 16:27:47 +0000 2013","407546649146187777",Y
"Mon Dec 02 16:46:32 +0000 2013","407551367733972992",Y
"Mon Dec 02 17:46:52 +0000 2013","407566551118659584",Y
"Mon Dec 02 17:58:10 +0000 2013","407569394832011264",Y
"Mon Dec 02 18:33:03 +0000 2013","407578173518643200",Y
"Mon Dec 02 18:33:39 +0000 2013","407578324530388993",Y
"Mon Dec 02 19:05:04 +0000 2013","407586230793428992",Y
"Mon Dec 02 19:34:09 +0000 2013","407593549841309697",Y
"Mon Dec 02 19:53:41 +0000 2013","407598465561022464",Y
"Mon Dec 02 20:26:24 +0000 2013","407606698992746496",Y
"Mon Dec 02 20:26:50 +0000 2013","407606808057217024",Y
"Mon Dec 02 20:42:32 +0000 2013","407610759061860352",Y
"Mon Dec 02 20:49:18 +0000 2013","407612461957660672",Y
"Mon Dec 02 21:20:28 +0000 2013","407620305327112192",Y
"Mon Dec 02 21:20:36 +0000 2013","407620338881933314",Y
"Mon Dec 02 21:27:43 +0000 2013","407622129845563392",Y
"Mon Dec 02 21:29:49 +0000 2013","407622658327867392",Y
"Mon Dec 02 21:32:57 +0000 2013","407623446848614400",Y
"Mon Dec 02 21:34:23 +0000 2013","407623807533584384",Y
"Mon Dec 02 21:39:50 +0000 2013","407625179100348417",Y
"Mon Dec 02 21:47:46 +0000 2013","407627175580680192",Y
"Mon Dec 02 21:48:22 +0000 2013","407627326571413504",Y
"Mon Dec 02 21:51:29 +0000 2013","407628110901682176",Y
"Mon Dec 02 22:18:55 +0000 2013","407635014713475072",Y
"Mon Dec 02 22:29:21 +0000 2013","407637640356573184",Y
"Mon Dec 02 22:30:28 +0000 2013","407637921399717888",Y
"Mon Dec 02 22:40:27 +0000 2013","407640433767219202",Y
"Mon Dec 02 22:42:34 +0000 2013","407640966435069953",Y
"Mon Dec 02 22:59:56 +0000 2013","407645336904015872",Y
"Mon Dec 02 23:12:55 +0000 2013","407648604292018176",Y
"Mon Dec 02 23:34:11 +0000 2013","407653956202921984",Y
"Mon Dec 02 23:59:13 +0000 2013","407660256060129281",Y
"Tue Dec 03 00:04:16 +0000 2013","407661526946811905",Y
"Tue Dec 03 00:27:37 +0000 2013","407667403154522112",Y
"Tue Dec 03 01:37:21 +0000 2013","407684952109891584",Y
"Tue Dec 03 02:06:12 +0000 2013","407692212475277312",Y
"Tue Dec 03 02:32:14 +0000 2013","407698763973931009",Y
"Tue Dec 03 05:51:50 +0000 2013","407748994962436096",Y
"Tue Dec 03 07:13:16 +0000 2013","407769488315015168",Y
"Tue Dec 03 07:24:45 +0000 2013","407772378190475264",Y
"Tue Dec 03 07:40:50 +0000 2013","407776425698009088",Y
"Tue Dec 03 08:36:33 +0000 2013","407790447248293888",Y
"Tue Dec 03 08:43:05 +0000 2013","407792091419246592",Y
"Tue Dec 03 08:43:17 +0000 2013","407792141767700481",Y
"Tue Dec 03 08:43:19 +0000 2013","407792150156308480",Y
"Tue Dec 03 09:24:28 +0000 2013","407802505893261312",Y
"Tue Dec 03 09:35:30 +0000 2013","407805282484367360",Y
"Tue Dec 03 09:35:55 +0000 2013","407805387371335680",Y
"Tue Dec 03 09:36:22 +0000 2013","407805500613341184",Y
"Tue Dec 03 09:36:24 +0000 2013","407805509014528000",Y
"Tue Dec 03 09:37:04 +0000 2013","407805676778319872",Y
"Tue Dec 03 09:51:51 +0000 2013","407809397101170688",Y
"Tue Dec 03 10:15:55 +0000 2013","407815453679968257",Y
"Tue Dec 03 11:15:04 +0000 2013","407830339282026496",Y
"Tue Dec 03 11:24:08 +0000 2013","407832620987211776",Y
"Tue Dec 03 11:46:28 +0000 2013","407838241333596160",Y
"Tue Dec 03 11:48:55 +0000 2013","407838857917628416",Y
"Tue Dec 03 11:53:34 +0000 2013","407840028132274176",Y
"Tue Dec 03 11:53:51 +0000 2013","407840099410264064",Y
"Tue Dec 03 11:54:03 +0000 2013","407840149758701568",Y
"Tue Dec 03 11:54:15 +0000 2013","407840200065167360",Y
"Tue Dec 03 12:44:27 +0000 2013","407852833308823552",Y
"Tue Dec 03 12:58:56 +0000 2013","407856478171586560",Y
"Tue Dec 03 12:58:59 +0000 2013","407856490741919744",Y
"Tue Dec 03 13:00:05 +0000 2013","407856767565959169",Y
"Tue Dec 03 13:23:13 +0000 2013","407862589260312576",Y
"Tue Dec 03 13:46:38 +0000 2013","407868482290987009",Y
"Tue Dec 03 14:05:11 +0000 2013","407873150538743808",Y
"Tue Dec 03 14:30:52 +0000 2013","407879613978009600",Y
"Tue Dec 03 14:36:01 +0000 2013","407880909979799552",Y
"Tue Dec 03 14:57:33 +0000 2013","407886329058705408",Y
"Tue Dec 03 15:41:29 +0000 2013","407897385210085376",Y
"Tue Dec 03 15:48:02 +0000 2013","407899033592545281",Y
"Tue Dec 03 16:16:02 +0000 2013","407906080006471680",Y
"Tue Dec 03 16:23:10 +0000 2013","407907875189555200",Y
"Tue Dec 03 16:39:12 +0000 2013","407911910084861952",Y
"Tue Dec 03 17:17:48 +0000 2013","407921624118083584",Y
"Tue Dec 03 17:50:30 +0000 2013","407929853321969664",Y
"Tue Dec 03 18:32:56 +0000 2013","407940532040507392",Y
"Tue Dec 03 19:07:57 +0000 2013","407949344243867648",Y
"Tue Dec 03 19:13:28 +0000 2013","407950732562690049",Y
"Tue Dec 03 19:20:20 +0000 2013","407952460637298688",Y
"Tue Dec 03 19:43:50 +0000 2013","407958374580355073",Y
"Tue Dec 03 19:43:55 +0000 2013","407958395568672768",Y
"Tue Dec 03 20:11:28 +0000 2013","407965328745185280",Y
"Tue Dec 03 21:01:25 +0000 2013","407977899078082560",Y
"Tue Dec 03 21:32:27 +0000 2013","407985708897288192",Y
"Tue Dec 03 21:34:56 +0000 2013","407986333836406784",Y
"Tue Dec 03 21:39:17 +0000 2013","407987428553539584",Y
"Tue Dec 03 21:56:27 +0000 2013","407991748669878273",Y
"Tue Dec 03 22:25:06 +0000 2013","407998958704033792",Y
"Tue Dec 03 22:35:51 +0000 2013","408001664021311488",Y
"Tue Dec 03 22:38:14 +0000 2013","408002263786196993",Y
"Tue Dec 03 22:43:38 +0000 2013","408003622748684288",Y
"Tue Dec 03 22:49:18 +0000 2013","408005048804052992",Y
"Tue Dec 03 22:51:29 +0000 2013","408005598270062592",Y
"Tue Dec 03 22:51:32 +0000 2013","408005610853367808",Y
"Tue Dec 03 22:53:04 +0000 2013","408005996712173568",Y
"Tue Dec 03 22:55:53 +0000 2013","408006705583501313",Y
"Tue Dec 03 22:57:07 +0000 2013","408007015961993217",Y
"Tue Dec 03 22:57:44 +0000 2013","408007171117289472",Y
"Tue Dec 03 23:15:44 +0000 2013","408011700961431552",Y
"Tue Dec 03 23:44:15 +0000 2013","408018877423955969",Y
"Tue Dec 03 23:54:37 +0000 2013","408021486298222592",Y
"Wed Dec 04 00:02:57 +0000 2013","408023583454400512",Y
"Wed Dec 04 00:08:21 +0000 2013","408024942383734784",Y
"Wed Dec 04 03:10:13 +0000 2013","408070710628601856",Y
"Wed Dec 04 03:25:50 +0000 2013","408074640691433473",Y
"Wed Dec 04 03:29:29 +0000 2013","408075559277568000",Y
"Wed Dec 04 03:40:50 +0000 2013","408078415560847360",Y
"Wed Dec 04 07:32:44 +0000 2013","408136775123492864",Y
"Wed Dec 04 07:35:37 +0000 2013","408137500738072577",Y
"Wed Dec 04 07:36:42 +0000 2013","408137773388795905",Y
"Wed Dec 04 09:33:28 +0000 2013","408167158645276672",Y
"Wed Dec 04 12:11:29 +0000 2013","408206924849500160",Y
"Wed Dec 04 17:09:03 +0000 2013","408281809953116160",Y
"Wed Dec 04 18:53:15 +0000 2013","408308032737529856",Y
"Wed Dec 04 19:03:50 +0000 2013","408310696150319104",Y
"Wed Dec 04 19:03:51 +0000 2013","408310700319453184",Y
"Wed Dec 04 20:04:11 +0000 2013","408325883728916480",Y
"Wed Dec 04 20:06:28 +0000 2013","408326458315001857",Y
"Wed Dec 04 20:08:15 +0000 2013","408326907139084288",Y
"Wed Dec 04 20:11:13 +0000 2013","408327653704208384",Y
"Wed Dec 04 21:45:03 +0000 2013","408351267657105410",Y
"Wed Dec 04 22:14:40 +0000 2013","408358720901763073",Y
"Thu Dec 05 00:43:00 +0000 2013","408396050206961665",Y
"Thu Dec 05 05:04:17 +0000 2013","408461804344324096",Y
"Thu Dec 05 13:56:44 +0000 2013","408595799774208001",Y
"Thu Dec 05 15:18:43 +0000 2013","408616431518244864",Y
"Thu Dec 05 19:15:28 +0000 2013","408676011631316992",Y
"Thu Dec 05 20:08:17 +0000 2013","408689303363915776",Y
"Thu Dec 05 20:09:16 +0000 2013","408689550836256769",Y
"Thu Dec 05 20:47:02 +0000 2013","408699055150071808",Y
"Thu Dec 05 22:47:42 +0000 2013","408729421881696256",Y
"Thu Dec 05 22:52:51 +0000 2013","408730717946785792",Y
"Thu Dec 05 23:07:40 +0000 2013","408734446666256385",Y
"Thu Dec 05 23:49:07 +0000 2013","408744877917499393",Y
"Fri Dec 06 00:02:48 +0000 2013","408748321424310272",Y
"Fri Dec 06 00:22:16 +0000 2013","408753220379361280",Y
"Fri Dec 06 01:18:17 +0000 2013","408767317427126272",Y
"Fri Dec 06 01:26:45 +0000 2013","408769448124760064",Y
"Fri Dec 06 06:54:30 +0000 2013","408851929117118464",Y
"Fri Dec 06 09:44:23 +0000 2013","408894681657774080",Y
"Fri Dec 06 19:17:57 +0000 2013","409039024427241472",Y
"Fri Dec 06 19:40:48 +0000 2013","409044774826811392",Y
"Fri Dec 06 20:06:00 +0000 2013","409051116626657281",Y
"Fri Dec 06 20:07:16 +0000 2013","409051435376979968",Y
"Fri Dec 06 22:24:44 +0000 2013","409086030000578560",Y
"Sat Dec 07 01:08:54 +0000 2013","409127343886569473",Y
"Sat Dec 07 02:05:24 +0000 2013","409141562602684417",Y
"Sat Dec 07 02:18:41 +0000 2013","409144905466798080",Y
"Sat Dec 07 07:33:12 +0000 2013","409224056144007168",Y
"Sat Dec 07 07:33:13 +0000 2013","409224060376068096",Y
"Sat Dec 07 14:10:15 +0000 2013","409323977069170688",Y
"Sat Dec 07 14:43:01 +0000 2013","409332223070855168",Y
"Sat Dec 07 14:53:51 +0000 2013","409334949376847872",Y
"Sat Dec 07 15:40:15 +0000 2013","409346626314981376",Y
"Sat Dec 07 21:54:37 +0000 2013","409440838771412992",Y
"Sat Dec 07 22:59:37 +0000 2013","409457196544851969",Y
"Sat Dec 07 23:14:19 +0000 2013","409460895912591360",Y
"Sun Dec 08 05:21:16 +0000 2013","409553241932709888",Y
"Sun Dec 01 13:01:01 +0000 2013","407132226753921024",Y
"Sun Dec 01 13:01:07 +0000 2013","407132251882020865",Y
"Sun Dec 01 13:03:01 +0000 2013","407132730070433792",Y
"Sun Dec 01 13:03:03 +0000 2013","407132738450640896",Y
"Sun Dec 01 13:03:46 +0000 2013","407132918793142272",Y
"Sun Dec 01 13:06:01 +0000 2013","407133485040959488",Y
"Sun Dec 01 13:06:37 +0000 2013","407133636027088897",Y
"Sun Dec 01 13:06:37 +0000 2013","407133636002316288",Y
"Sun Dec 01 13:09:16 +0000 2013","407134302896685056",Y
"Sun Dec 01 13:10:51 +0000 2013","407134701355556865",Y
"Sun Dec 01 13:15:16 +0000 2013","407135812883841024",Y
"Sun Dec 01 13:17:42 +0000 2013","407136425222864896",Y
"Sun Dec 01 13:18:57 +0000 2013","407136739816660992",Y
"Sun Dec 01 13:19:59 +0000 2013","407136999850926080",Y
"Sun Dec 01 13:20:46 +0000 2013","407137196966445056",Y
"Sun Dec 01 13:23:45 +0000 2013","407137947767414784",Y
"Sun Dec 01 13:27:17 +0000 2013","407138836947296258",Y
"Sun Dec 01 13:28:21 +0000 2013","407139105412489216",Y
"Sun Dec 01 13:28:36 +0000 2013","407139168306089984",Y
"Sun Dec 01 13:29:39 +0000 2013","407139432534650880",Y
"Sun Dec 01 13:30:13 +0000 2013","407139575145193473",Y
"Sun Dec 01 13:30:32 +0000 2013","407139654861733888",Y
"Sun Dec 01 13:35:34 +0000 2013","407140921512165376",Y
"Sun Dec 01 13:37:01 +0000 2013","407141286412845056",Y
"Sun Dec 01 13:37:24 +0000 2013","407141382881824768",Y
"Sun Dec 01 13:38:25 +0000 2013","407141638751154176",Y
"Sun Dec 01 13:41:49 +0000 2013","407142494410117120",Y
"Sun Dec 01 13:44:23 +0000 2013","407143140299407360",Y
"Sun Dec 01 13:45:56 +0000 2013","407143530373840896",Y
"Sun Dec 01 13:57:12 +0000 2013","407146365739741185",Y
"Sun Dec 01 13:57:18 +0000 2013","407146390889168896",Y
"Sun Dec 01 13:57:48 +0000 2013","407146516735090688",Y
"Sun Dec 01 14:00:24 +0000 2013","407147171042304000",Y
"Sun Dec 01 14:01:11 +0000 2013","407147368170020865",Y
"Sun Dec 01 14:05:28 +0000 2013","407148446110330881",Y
"Sun Dec 01 14:06:09 +0000 2013","407148618085568513",Y
"Sun Dec 01 14:08:06 +0000 2013","407149108814954496",Y
"Sun Dec 01 14:08:37 +0000 2013","407149238837993473",Y
"Sun Dec 01 14:10:20 +0000 2013","407149670851284994",Y
"Sun Dec 01 14:11:38 +0000 2013","407149997986414592",Y
"Sun Dec 01 14:15:12 +0000 2013","407150895583883264",Y
"Sun Dec 01 14:19:32 +0000 2013","407151986090733568",Y
"Sun Dec 01 14:31:38 +0000 2013","407155031180189697",Y
"Sun Dec 01 14:40:19 +0000 2013","407157216408387584",Y
"Sun Dec 01 14:41:59 +0000 2013","407157635834986496",Y
"Sun Dec 01 14:42:49 +0000 2013","407157845533425665",Y
"Sun Dec 01 14:43:06 +0000 2013","407157916861751296",Y
"Sun Dec 01 14:43:59 +0000 2013","407158139159457792",Y
"Sun Dec 01 14:50:46 +0000 2013","407159846237405184",Y
"Sun Dec 01 14:51:09 +0000 2013","407159942689206272",Y
"Sun Dec 01 14:52:57 +0000 2013","407160395682414592",Y
"Sun Dec 01 14:53:26 +0000 2013","407160517329821696",Y
"Sun Dec 01 14:53:52 +0000 2013","407160626361143297",Y
"Sun Dec 01 14:54:33 +0000 2013","407160798323040256",Y
"Sun Dec 01 14:54:45 +0000 2013","407160848671440896",Y
"Sun Dec 01 14:55:02 +0000 2013","407160919958233088",Y
"Sun Dec 01 14:55:33 +0000 2013","407161049998458880",Y
"Sun Dec 01 14:56:23 +0000 2013","407161259726213120",Y
"Sun Dec 01 14:59:37 +0000 2013","407162073383043073",Y
"Sun Dec 01 15:00:18 +0000 2013","407162245383065600",Y
"Sun Dec 01 15:00:52 +0000 2013","407162387994005504",Y
"Sun Dec 01 15:02:39 +0000 2013","407162836746797056",Y
"Sun Dec 01 15:02:51 +0000 2013","407162887091011584",Y
"Sun Dec 01 15:05:25 +0000 2013","407163533030621184",Y
"Sun Dec 01 15:10:30 +0000 2013","407164812276555777",Y
"Sun Dec 01 15:13:43 +0000 2013","407165621764644864",Y
"Sun Dec 01 15:17:52 +0000 2013","407166666175692800",Y
"Sun Dec 01 15:18:12 +0000 2013","407166750040403969",Y
"Sun Dec 01 15:18:18 +0000 2013","407166775219191808",Y
"Sun Dec 01 15:18:21 +0000 2013","407166787814297600",Y
"Sun Dec 01 15:19:00 +0000 2013","407166951367405568",Y
"Sun Dec 01 15:20:15 +0000 2013","407167265969561600",Y
"Sun Dec 01 15:20:53 +0000 2013","407167425352699904",Y
"Sun Dec 01 15:24:10 +0000 2013","407168251613822976",Y
"Sun Dec 01 15:24:44 +0000 2013","407168394203758592",Y
"Sun Dec 01 15:28:17 +0000 2013","407169287624097792",Y
"Sun Dec 01 15:30:46 +0000 2013","407169912570789889",Y
"Sun Dec 01 15:33:18 +0000 2013","407170550109188098",Y
"Sun Dec 01 15:33:32 +0000 2013","407170608813064192",Y
"Sun Dec 01 15:35:06 +0000 2013","407171003056685056",Y
"Sun Dec 01 15:38:08 +0000 2013","407171766445162496",Y
"Sun Dec 01 15:38:32 +0000 2013","407171867083284480",Y
"Sun Dec 01 15:39:46 +0000 2013","407172177499529216",Y
"Sun Dec 01 15:40:48 +0000 2013","407172437517041664",Y
"Sun Dec 01 15:43:09 +0000 2013","407173028939051008",Y
"Sun Dec 01 15:44:37 +0000 2013","407173398016442368",Y
"Sun Dec 01 15:44:55 +0000 2013","407173473539076097",Y
"Sun Dec 01 15:45:03 +0000 2013","407173507064545280",Y
"Sun Dec 01 15:49:56 +0000 2013","407174736012406784",Y
"Sun Dec 01 15:51:34 +0000 2013","407175147050000384",Y
"Sun Dec 01 15:52:05 +0000 2013","407175277073010689",Y
"Sun Dec 01 15:54:29 +0000 2013","407175881040592896",Y
"Sun Dec 01 15:55:15 +0000 2013","407176073999155200",Y
"Sun Dec 01 15:55:16 +0000 2013","407176078189281280",Y
"Sun Dec 01 15:55:28 +0000 2013","407176128529330176",Y
"Sun Dec 01 16:00:45 +0000 2013","407177458124083200",Y
"Sun Dec 01 16:06:44 +0000 2013","407178963875028992",Y
"Sun Dec 01 16:09:43 +0000 2013","407179714634067968",Y
"Sun Dec 01 16:14:36 +0000 2013","407180943561326592",Y
"Sun Dec 01 16:16:00 +0000 2013","407181295899668480",Y
"Sun Dec 01 16:16:15 +0000 2013","407181358813806592",Y
"Sun Dec 01 16:19:24 +0000 2013","407182151541485568",Y
"Sun Dec 01 16:21:54 +0000 2013","407182780661911552",Y
"Sun Dec 01 16:22:39 +0000 2013","407182969422761984",Y
"Sun Dec 01 16:35:37 +0000 2013","407186232599662592",Y
"Sun Dec 01 16:35:43 +0000 2013","407186257778057217",Y
"Sun Dec 01 16:37:41 +0000 2013","407186752668184576",Y
"Sun Dec 01 16:38:56 +0000 2013","407187067253186560",Y
"Sun Dec 01 16:39:35 +0000 2013","407187230847799296",Y
"Sun Dec 01 16:41:18 +0000 2013","407187662865715200",Y
"Sun Dec 01 16:41:44 +0000 2013","407187771921825792",Y
"Sun Dec 01 16:46:11 +0000 2013","407188891792191488",Y
"Sun Dec 01 16:51:42 +0000 2013","407190280077864960",Y
"Sun Dec 01 16:56:17 +0000 2013","407191433544626176",Y
"Sun Dec 01 16:56:57 +0000 2013","407191601300393984",Y
"Sun Dec 01 16:58:35 +0000 2013","407192012329201664",Y
"Sun Dec 01 17:00:04 +0000 2013","407192385655816192",Y
"Sun Dec 01 17:19:45 +0000 2013","407197339108257792",Y
"Sun Dec 01 17:25:19 +0000 2013","407198740001214464",Y
"Sun Dec 01 17:27:19 +0000 2013","407199243343233024",Y
"Sun Dec 01 17:30:51 +0000 2013","407200132514344960",Y
"Sun Dec 01 17:42:53 +0000 2013","407203160814784512",Y
"Sun Dec 01 17:42:53 +0000 2013","407203160806416384",Y
"Sun Dec 01 17:44:25 +0000 2013","407203546694942720",Y
"Sun Dec 01 17:47:04 +0000 2013","407204213580890112",Y
"Sun Dec 01 17:47:26 +0000 2013","407204305867796480",Y
"Sun Dec 01 17:48:49 +0000 2013","407204653974429697",Y
"Sun Dec 01 18:02:28 +0000 2013","407208089100644352",Y
"Sun Dec 01 18:10:32 +0000 2013","407210119169323008",Y
"Sun Dec 01 18:12:52 +0000 2013","407210706371895296",Y
"Sun Dec 01 18:20:57 +0000 2013","407212740583772160",Y
"Sun Dec 01 18:21:20 +0000 2013","407212837061558272",Y
"Sun Dec 01 18:27:14 +0000 2013","407214321840951296",Y
"Sun Dec 01 18:35:23 +0000 2013","407216372872388609",Y
"Sun Dec 01 18:49:37 +0000 2013","407219954811813888",Y
"Sun Dec 01 18:49:48 +0000 2013","407220000932392960",Y
"Sun Dec 01 18:49:50 +0000 2013","407220009308418049",Y
"Sun Dec 01 18:49:52 +0000 2013","407220017697017856",Y
"Sun Dec 01 18:50:06 +0000 2013","407220076413452288",Y
"Sun Dec 01 18:55:52 +0000 2013","407221527659425792",Y
"Sun Dec 01 19:00:51 +0000 2013","407222781739159553",Y
"Sun Dec 01 19:01:10 +0000 2013","407222861439311872",Y
"Sun Dec 01 19:10:12 +0000 2013","407225134747881472",Y
"Sun Dec 01 19:13:06 +0000 2013","407225864586133504",Y
"Sun Dec 01 19:28:40 +0000 2013","407229782032920577",Y
"Sun Dec 01 19:28:46 +0000 2013","407229807198748672",Y
"Sun Dec 01 19:37:07 +0000 2013","407231908553433088",Y
"Sun Dec 01 19:56:47 +0000 2013","407236857835970560",Y
"Sun Dec 01 20:07:24 +0000 2013","407239529620185088",Y
"Sun Dec 01 20:11:55 +0000 2013","407240666251407361",Y
"Sun Dec 01 20:26:36 +0000 2013","407244361437425664",Y
"Sun Dec 01 21:37:57 +0000 2013","407262317261635584",Y
"Sun Dec 01 21:41:26 +0000 2013","407263193858592768",Y
"Sun Dec 01 21:51:08 +0000 2013","407265634951905280",Y
"Sun Dec 01 22:12:14 +0000 2013","407270944949174272",Y
"Sun Dec 01 22:37:04 +0000 2013","407277194470498304",Y
"Sun Dec 01 22:40:30 +0000 2013","407278058505515008",Y
"Sun Dec 01 22:42:54 +0000 2013","407278662485299200",Y
"Sun Dec 01 23:46:06 +0000 2013","407294567289864192",Y
"Sun Dec 01 23:48:10 +0000 2013","407295087383556096",Y
"Mon Dec 02 00:06:49 +0000 2013","407299780776169472",Y
"Mon Dec 02 01:18:31 +0000 2013","407317824676175872",Y
"Mon Dec 02 01:22:50 +0000 2013","407318911013511169",Y
"Mon Dec 02 01:44:16 +0000 2013","407324304888455168",Y
"Mon Dec 02 01:44:17 +0000 2013","407324309095342080",Y
"Mon Dec 02 02:12:31 +0000 2013","407331414250512384",Y
"Mon Dec 02 02:56:48 +0000 2013","407342558478495744",Y
"Mon Dec 02 03:03:50 +0000 2013","407344328487358465",Y
"Mon Dec 02 03:09:52 +0000 2013","407345846821208064",Y
"Mon Dec 02 03:30:08 +0000 2013","407350947086487553",Y
"Mon Dec 02 04:15:52 +0000 2013","407362456265052160",Y
"Mon Dec 02 04:18:30 +0000 2013","407363118965088256",Y
"Mon Dec 02 04:21:04 +0000 2013","407363764905078784",Y
"Mon Dec 02 04:42:05 +0000 2013","407369053934989312",Y
"Mon Dec 02 05:55:41 +0000 2013","407387575951716352",Y
"Mon Dec 02 06:27:23 +0000 2013","407395553526292480",Y
"Mon Dec 02 07:19:37 +0000 2013","407408698475044865",Y
"Mon Dec 02 07:20:22 +0000 2013","407408887222923264",Y
"Mon Dec 02 07:25:13 +0000 2013","407410107756998657",Y
"Mon Dec 02 07:40:47 +0000 2013","407414025249517568",Y
"Mon Dec 02 07:41:19 +0000 2013","407414159450443777",Y
"Mon Dec 02 08:04:51 +0000 2013","407420081828683776",Y
"Mon Dec 02 08:20:39 +0000 2013","407424058008305664",Y
"Mon Dec 02 08:26:26 +0000 2013","407425513427177473",Y
"Mon Dec 02 08:26:29 +0000 2013","407425526039461888",Y
"Mon Dec 02 08:26:29 +0000 2013","407425526018490368",Y
"Mon Dec 02 08:32:40 +0000 2013","407427082109476864",Y
"Mon Dec 02 09:04:59 +0000 2013","407435214856519680",Y
"Mon Dec 02 09:30:52 +0000 2013","407441728610631681",Y
"Mon Dec 02 09:41:58 +0000 2013","407444522038489088",Y
"Mon Dec 02 11:05:21 +0000 2013","407465506128404481",Y
"Mon Dec 02 11:24:07 +0000 2013","407470228910526465",Y
"Mon Dec 02 11:24:22 +0000 2013","407470291841851392",Y
"Mon Dec 02 11:27:01 +0000 2013","407470958740381697",Y
"Mon Dec 02 11:30:06 +0000 2013","407471734669856768",Y
"Mon Dec 02 11:30:09 +0000 2013","407471747244376064",Y
"Mon Dec 02 11:30:10 +0000 2013","407471751459655680",Y
"Mon Dec 02 11:46:09 +0000 2013","407475773776203776",Y
"Mon Dec 02 11:46:50 +0000 2013","407475945759469568",Y
"Mon Dec 02 11:47:41 +0000 2013","407476159652569088",Y
"Mon Dec 02 11:50:09 +0000 2013","407476780426342401",Y
"Mon Dec 02 11:57:45 +0000 2013","407478693012180992",Y
"Mon Dec 02 12:01:13 +0000 2013","407479565440004096",Y
"Mon Dec 02 12:09:50 +0000 2013","407481733882597376",Y
"Mon Dec 02 12:11:02 +0000 2013","407482035901452288",Y
"Mon Dec 02 12:11:15 +0000 2013","407482090410606593",Y
"Mon Dec 02 12:13:15 +0000 2013","407482593731301377",Y
"Mon Dec 02 12:15:13 +0000 2013","407483088667541504",Y
"Mon Dec 02 12:15:41 +0000 2013","407483206112272384",Y
"Mon Dec 02 12:45:12 +0000 2013","407490634204065794",Y
"Mon Dec 02 12:51:31 +0000 2013","407492223828119552",Y
"Mon Dec 02 12:56:20 +0000 2013","407493436003323904",Y
"Mon Dec 02 13:10:27 +0000 2013","407496988570439680",Y
"Mon Dec 02 13:23:03 +0000 2013","407500159480647682",Y
"Mon Dec 02 13:23:27 +0000 2013","407500260131356672",Y
"Mon Dec 02 13:49:33 +0000 2013","407506828428189696",Y
"Mon Dec 02 13:49:37 +0000 2013","407506845188640768",Y
"Mon Dec 02 13:56:58 +0000 2013","407508694893490176",Y
"Mon Dec 02 13:58:14 +0000 2013","407509013656383488",Y
"Mon Dec 02 14:04:11 +0000 2013","407510511001939968",Y
"Mon Dec 02 14:07:06 +0000 2013","407511244996747264",Y
"Mon Dec 02 14:07:47 +0000 2013","407511416980008961",Y
"Mon Dec 02 14:13:13 +0000 2013","407512784335691777",Y
"Mon Dec 02 14:15:43 +0000 2013","407513413464506368",Y
"Mon Dec 02 14:17:18 +0000 2013","407513811940171777",Y
"Mon Dec 02 14:18:40 +0000 2013","407514155848306689",Y
"Mon Dec 02 14:20:44 +0000 2013","407514675950415872",Y
"Mon Dec 02 14:30:43 +0000 2013","407517188329717760",Y
"Mon Dec 02 14:31:26 +0000 2013","407517368684785664",Y
"Mon Dec 02 14:32:44 +0000 2013","407517695848873984",Y
"Mon Dec 02 14:37:00 +0000 2013","407518769615892480",Y
"Mon Dec 02 14:41:54 +0000 2013","407520002737053696",Y
"Mon Dec 02 14:44:32 +0000 2013","407520665428713472",Y
"Mon Dec 02 14:44:39 +0000 2013","407520694772060161",Y
"Mon Dec 02 14:44:40 +0000 2013","407520698983145472",Y
"Mon Dec 02 14:45:41 +0000 2013","407520954810519552",Y
"Mon Dec 02 14:47:15 +0000 2013","407521349109047296",Y
"Mon Dec 02 14:49:25 +0000 2013","407521894363971584",Y
"Mon Dec 02 14:52:42 +0000 2013","407522720641847296",Y
"Mon Dec 02 15:04:31 +0000 2013","407525694382432256",Y
"Mon Dec 02 15:50:47 +0000 2013","407537337787113473",Y
"Mon Dec 02 16:00:08 +0000 2013","407539690804232192",Y
"Mon Dec 02 17:14:37 +0000 2013","407558435136208896",Y
"Mon Dec 02 17:26:51 +0000 2013","407561513734381568",Y
"Mon Dec 02 17:41:00 +0000 2013","407565074711072768",Y
"Mon Dec 02 17:52:49 +0000 2013","407568048468418560",Y
"Mon Dec 02 18:07:10 +0000 2013","407571659781337088",Y
"Mon Dec 02 19:53:54 +0000 2013","407598520099934208",Y
"Mon Dec 02 21:13:46 +0000 2013","407618619200528385",Y
"Mon Dec 02 21:14:22 +0000 2013","407618770207637504",Y
"Mon Dec 02 21:15:33 +0000 2013","407619068003622913",Y
"Mon Dec 02 21:16:09 +0000 2013","407619218973409280",Y
"Mon Dec 02 21:16:41 +0000 2013","407619353182363648",Y
"Mon Dec 02 21:16:49 +0000 2013","407619386745167872",Y
"Mon Dec 02 21:16:53 +0000 2013","407619403539173376",Y
"Mon Dec 02 21:16:54 +0000 2013","407619407733882880",Y
"Mon Dec 02 21:17:52 +0000 2013","407619650999320576",Y
"Mon Dec 02 21:18:22 +0000 2013","407619776807067648",Y
"Mon Dec 02 21:20:41 +0000 2013","407620359845068800",Y
"Mon Dec 02 21:20:47 +0000 2013","407620385014681600",Y
"Mon Dec 02 21:21:41 +0000 2013","407620611490717697",Y
"Mon Dec 02 21:21:58 +0000 2013","407620682781327360",Y
"Mon Dec 02 21:23:58 +0000 2013","407621186093596673",Y
"Mon Dec 02 21:24:22 +0000 2013","407621286777462784",Y
"Mon Dec 02 21:25:29 +0000 2013","407621567779446784",Y
"Mon Dec 02 21:25:57 +0000 2013","407621685227958273",Y
"Mon Dec 02 21:25:57 +0000 2013","407621685240942592",Y
"Mon Dec 02 21:28:06 +0000 2013","407622226309943298",Y
"Mon Dec 02 21:29:03 +0000 2013","407622465393668096",Y
"Mon Dec 02 21:29:24 +0000 2013","407622553440489472",Y
"Mon Dec 02 21:29:36 +0000 2013","407622603806101505",Y
"Mon Dec 02 21:34:05 +0000 2013","407623732044128256",Y
"Mon Dec 02 21:35:31 +0000 2013","407624092762664960",Y
"Mon Dec 02 21:39:49 +0000 2013","407625174914457600",Y
"Mon Dec 02 21:40:28 +0000 2013","407625338488123392",Y
"Mon Dec 02 21:40:38 +0000 2013","407625380401778688",Y
"Mon Dec 02 21:45:12 +0000 2013","407626529653288960",Y
"Mon Dec 02 21:48:51 +0000 2013","407627448206245888",Y
"Mon Dec 02 21:53:46 +0000 2013","407628685521326080",Y
"Mon Dec 02 21:55:08 +0000 2013","407629029450465280",Y
"Mon Dec 02 21:56:33 +0000 2013","407629385962102784",Y
"Mon Dec 02 22:01:19 +0000 2013","407630585554034688",Y
"Mon Dec 02 22:01:32 +0000 2013","407630640063217664",Y
"Mon Dec 02 22:04:02 +0000 2013","407631269200416768",Y
"Mon Dec 02 22:07:39 +0000 2013","407632179368574976",Y
"Mon Dec 02 22:19:58 +0000 2013","407635278975606784",Y
"Mon Dec 02 22:27:59 +0000 2013","407637296427831297",Y
"Mon Dec 02 22:28:37 +0000 2013","407637455806816256",Y
"Mon Dec 02 22:36:30 +0000 2013","407639439712612352",Y
"Mon Dec 02 23:03:50 +0000 2013","407646318379540480",Y
"Mon Dec 02 23:23:14 +0000 2013","407651200532619264",Y
"Mon Dec 02 23:23:58 +0000 2013","407651385082003456",Y
"Mon Dec 02 23:26:21 +0000 2013","407651984888442880",Y
"Mon Dec 02 23:27:02 +0000 2013","407652156859109376",Y
"Mon Dec 02 23:27:08 +0000 2013","407652182029135873",Y
"Mon Dec 02 23:32:32 +0000 2013","407653540971036673",Y
"Tue Dec 03 00:19:16 +0000 2013","407665301807837185",Y
"Tue Dec 03 00:51:22 +0000 2013","407673380020576256",Y
"Tue Dec 03 01:16:05 +0000 2013","407679600202752000",Y
"Tue Dec 03 01:25:47 +0000 2013","407682041258717184",Y
"Tue Dec 03 01:53:04 +0000 2013","407688907350749184",Y
"Tue Dec 03 01:59:51 +0000 2013","407690614411522048",Y
"Tue Dec 03 02:38:17 +0000 2013","407700286480711680",Y
"Tue Dec 03 03:50:09 +0000 2013","407718372332146688",Y
"Tue Dec 03 05:21:02 +0000 2013","407741243855478785",Y
"Tue Dec 03 10:28:15 +0000 2013","407818557481705472",Y
"Tue Dec 03 11:28:43 +0000 2013","407833774412406784",Y
"Tue Dec 03 12:31:46 +0000 2013","407849641456062464",Y
"Tue Dec 03 12:44:27 +0000 2013","407852833308823552",Y
"Tue Dec 03 14:07:23 +0000 2013","407873704173912064",Y
"Tue Dec 03 14:45:24 +0000 2013","407883271385538560",Y
"Tue Dec 03 15:11:27 +0000 2013","407889827091066880",Y
"Tue Dec 03 15:33:40 +0000 2013","407895418110869504",Y
"Tue Dec 03 15:38:54 +0000 2013","407896735126523904",Y
"Tue Dec 03 15:40:59 +0000 2013","407897259406155777",Y
"Tue Dec 03 16:31:10 +0000 2013","407909888459681792",Y
"Tue Dec 03 16:42:40 +0000 2013","407912782504284160",Y
"Tue Dec 03 17:15:58 +0000 2013","407921162753032192",Y
"Tue Dec 03 17:18:14 +0000 2013","407921733149011968",Y
"Tue Dec 03 17:38:54 +0000 2013","407926934085980160",Y
"Tue Dec 03 17:50:30 +0000 2013","407929853321969664",Y
"Tue Dec 03 18:09:49 +0000 2013","407934714540859392",Y
"Tue Dec 03 18:18:22 +0000 2013","407936866223022080",Y
"Tue Dec 03 18:43:51 +0000 2013","407943279318020096",Y
"Tue Dec 03 18:49:36 +0000 2013","407944726348701696",Y
"Tue Dec 03 18:54:12 +0000 2013","407945883960233985",Y
"Tue Dec 03 19:18:38 +0000 2013","407952032805298176",Y
"Tue Dec 03 19:32:29 +0000 2013","407955518267719680",Y
"Tue Dec 03 19:46:42 +0000 2013","407959096004861952",Y
"Tue Dec 03 20:27:35 +0000 2013","407969384666124288",Y
"Tue Dec 03 20:30:22 +0000 2013","407970085110702080",Y
"Tue Dec 03 20:38:50 +0000 2013","407972215783563264",Y
"Tue Dec 03 20:49:41 +0000 2013","407974946288443392",Y
"Tue Dec 03 21:15:50 +0000 2013","407981527159832576",Y
"Tue Dec 03 21:26:25 +0000 2013","407984190526062592",Y
"Tue Dec 03 21:33:41 +0000 2013","407986019246804992",Y
"Tue Dec 03 21:38:58 +0000 2013","407987348866367488",Y
"Tue Dec 03 21:55:26 +0000 2013","407991492838699008",Y
"Tue Dec 03 22:03:05 +0000 2013","407993418007060482",Y
"Tue Dec 03 22:24:32 +0000 2013","407998816093093888",Y
"Tue Dec 03 23:08:03 +0000 2013","408009767421227008",Y
"Tue Dec 03 23:25:52 +0000 2013","408014251132194816",Y
"Tue Dec 03 23:51:27 +0000 2013","408020689384255488",Y
"Wed Dec 04 00:02:06 +0000 2013","408023369549119488",Y
"Wed Dec 04 03:10:13 +0000 2013","408070710628601856",Y
"Wed Dec 04 03:21:14 +0000 2013","408073483067740161",Y
"Wed Dec 04 03:27:20 +0000 2013","408075018199760896",Y
"Wed Dec 04 04:27:28 +0000 2013","408090151236038656",Y
"Wed Dec 04 05:06:26 +0000 2013","408099957531373568",Y
"Wed Dec 04 05:27:41 +0000 2013","408105305243787264",Y
"Wed Dec 04 05:27:58 +0000 2013","408105376584699904",Y
"Wed Dec 04 05:44:43 +0000 2013","408109591826669568",Y
"Wed Dec 04 05:52:37 +0000 2013","408111579930959872",Y
"Wed Dec 04 05:55:08 +0000 2013","408112213288050688",Y
"Wed Dec 04 06:21:54 +0000 2013","408118949319290880",Y
"Wed Dec 04 06:55:15 +0000 2013","408127342121189376",Y
"Wed Dec 04 06:55:20 +0000 2013","408127363088527361",Y
"Wed Dec 04 06:55:21 +0000 2013","408127367299608576",Y
"Wed Dec 04 06:55:22 +0000 2013","408127371489730560",Y
"Wed Dec 04 10:16:22 +0000 2013","408177954791772160",Y
"Wed Dec 04 10:25:03 +0000 2013","408180140040921088",Y
"Wed Dec 04 11:02:56 +0000 2013","408189673685921792",Y
"Wed Dec 04 11:16:24 +0000 2013","408193062666399744",Y
"Wed Dec 04 12:31:02 +0000 2013","408211844784877568",Y
"Wed Dec 04 12:33:50 +0000 2013","408212549432516608",Y
"Wed Dec 04 12:45:08 +0000 2013","408215393145462784",Y
"Wed Dec 04 13:21:32 +0000 2013","408224553530183680",Y
"Wed Dec 04 14:41:21 +0000 2013","408244640060420098",Y
"Wed Dec 04 14:44:38 +0000 2013","408245466317340672",Y
"Wed Dec 04 14:45:13 +0000 2013","408245613113798657",Y
"Wed Dec 04 14:47:28 +0000 2013","408246179361615873",Y
"Wed Dec 04 14:52:14 +0000 2013","408247378936737793",Y
"Wed Dec 04 14:55:52 +0000 2013","408248293269852160",Y
"Wed Dec 04 15:03:01 +0000 2013","408250092635054080",Y
"Wed Dec 04 15:53:25 +0000 2013","408262776205758464",Y
"Wed Dec 04 16:12:11 +0000 2013","408267498996264960",Y
"Wed Dec 04 16:31:59 +0000 2013","408272481829396480",Y
"Wed Dec 04 18:02:59 +0000 2013","408295382750228480",Y
"Wed Dec 04 18:07:29 +0000 2013","408296515208495104",Y
"Wed Dec 04 18:51:04 +0000 2013","408307483308863488",Y
"Wed Dec 04 20:02:53 +0000 2013","408325556543836160",Y
"Wed Dec 04 20:16:12 +0000 2013","408328907822088192",Y
"Wed Dec 04 21:24:36 +0000 2013","408346121241505792",Y
"Wed Dec 04 21:24:47 +0000 2013","408346167353688065",Y
"Thu Dec 05 01:39:31 +0000 2013","408410273121595392",Y
"Thu Dec 05 07:40:09 +0000 2013","408501029467336704",Y
"Thu Dec 05 14:28:26 +0000 2013","408603777311059968",Y
"Thu Dec 05 17:27:49 +0000 2013","408648920596635648",Y
"Thu Dec 05 19:41:29 +0000 2013","408682558935678976",Y
"Thu Dec 05 19:42:34 +0000 2013","408682831557046272",Y
"Thu Dec 05 22:17:25 +0000 2013","408721800843890688",Y
"Thu Dec 05 23:31:09 +0000 2013","408740356457771008",Y
"Fri Dec 06 00:53:11 +0000 2013","408761000788119552",Y
"Fri Dec 06 02:03:29 +0000 2013","408778692383350785",Y
"Fri Dec 06 11:52:08 +0000 2013","408926831019311104",Y
"Fri Dec 06 11:58:42 +0000 2013","408928483545722880",Y
"Fri Dec 06 19:32:10 +0000 2013","409042602173165568",Y
"Fri Dec 06 20:56:29 +0000 2013","409063821181861888",Y
"Fri Dec 06 21:42:25 +0000 2013","409075380687888385",Y
"Fri Dec 06 22:15:31 +0000 2013","409083710576029696",Y
"Fri Dec 06 23:31:11 +0000 2013","409102752711581696",Y
"Fri Dec 06 23:32:36 +0000 2013","409103109223247872",Y
"Sat Dec 07 02:47:15 +0000 2013","409152094508023809",Y
"Sat Dec 07 02:47:52 +0000 2013","409152249693077505",Y
"Sat Dec 07 03:55:16 +0000 2013","409169211450064896",Y
"Sat Dec 07 05:29:25 +0000 2013","409192905052401665",Y
"Sat Dec 07 10:34:33 +0000 2013","409269694370029568",Y
"Sat Dec 07 10:34:37 +0000 2013","409269711143051264",Y
"Sat Dec 07 14:43:01 +0000 2013","409332223070855168",Y
"Sat Dec 07 20:53:12 +0000 2013","409425382740226048",Y
"Sun Dec 08 05:21:16 +0000 2013","409553241932709888",Y
"Sun Dec 08 06:11:58 +0000 2013","409566000992890880",Y
"Sun Dec 08 12:11:09 +0000 2013","409656392450994176",Y
"Sun Dec 08 12:53:58 +0000 2013","409667167605383168",Y
"Sun Dec 08 12:59:25 +0000 2013","409668539151175680",Y
"Sun Dec 08 13:00:12 +0000 2013","409668736254107648",Y
"Sun Dec 08 13:00:23 +0000 2013","409668782424997888",Y
"Sun Dec 08 13:01:47 +0000 2013","409669134717165568",Y
"Sun Dec 08 17:07:33 +0000 2013","409730983928156160",Y
"Sun Dec 08 17:11:28 +0000 2013","409731969614741504",Y
"Sun Dec 08 17:12:24 +0000 2013","409732204466417664",Y
"Sun Dec 08 18:44:19 +0000 2013","409755336049176576",Y
"Sun Dec 08 22:15:22 +0000 2013","409808448545488896",Y
"Sun Dec 08 22:49:17 +0000 2013","409816983954526209",Y
"Mon Dec 09 04:46:36 +0000 2013","409906905629622272",N
"Mon Dec 09 08:13:35 +0000 2013","409958994707374080",N
"Mon Dec 09 13:01:05 +0000 2013","410031346447159296",N
"Mon Dec 09 13:02:11 +0000 2013","410031623279607808",N
"Mon Dec 09 13:10:15 +0000 2013","410033653310570496",N
"Mon Dec 09 16:28:55 +0000 2013","410083649397071872",N
"Tue Dec 10 03:30:32 +0000 2013","410250150708133888",N
"Tue Dec 10 03:30:50 +0000 2013","410250226180452353",N
"Tue Dec 10 11:16:07 +0000 2013","410367318581972992",N
"Wed Dec 11 01:46:06 +0000 2013","410586257031696384",N
"Wed Dec 11 01:58:22 +0000 2013","410589344047431680",N
"Wed Dec 11 14:45:44 +0000 2013","410782458192216065",N
"Wed Dec 11 14:45:48 +0000 2013","410782474981998592",N
"Wed Dec 11 14:47:40 +0000 2013","410782944731475968",N
"Wed Dec 11 14:47:50 +0000 2013","410782986678718466",N
"Thu Dec 12 12:12:41 +0000 2013","411106329760395264",N
"Thu Dec 12 17:31:04 +0000 2013","411186453561876480",N
"Thu Dec 12 22:42:57 +0000 2013","411264941589405696",N
